AAAS,ADA,ADCY6,ADRM1,AK1,AK3,APRT,ARL6IP1,BCAM,BCAP31,BOLA2,BRF2,CANT1,CCNO,CDA,CETN2,CMPK2,COX17,CSTF3,DAD1,DCTN4,DDB1,DDB2,DGCR8,DGUOK,DUT,EDF1,EIF1B,ELL,ERCC1,ERCC2,ERCC3,ERCC4,ERCC5,ERCC8,FEN1,GMPR2,GPX4,GTF2A2,GTF2B,GTF2F1,GTF2H1,GTF2H3,GTF2H5,GTF3C5,GUK1,HCLS1,HPRT1,IMPDH2,ITPA,LIG1,MPG,MRPL40,NCBP2,NFX1,NME1,NME3,NME4,NT5C,NUDT21,NUDT9,PCNA,PDE4B,PDE6G,PNP,POLA1,POLA2,POLB,POLD1,POLD3,POLD4,POLE4,POLH,POLL,POLR1C,POLR1D,POLR2A,POLR2C,POLR2D,POLR2E,POLR2F,POLR2G,POLR2H,POLR2I,POLR2J,POLR2K,POLR3C,POLR3GL,POM121,PRIM1,RAD51,RAD52,RAE1,RALA,RBX1,REV3L,RFC2,RFC3,RFC4,RFC5,RNMT,RPA2,RPA3,RRM2B,SAC3D1,SDCBP,SEC61A1,SF3A3,SMAD5,SNAPC4,SNAPC5,SRSF6,SSRP1,STX3,SUPT4H1,SUPT5H,SURF1,TAF10,TAF12,TAF13,TAF1C,TAF6,TAF9,TARBP2,TK2,TMED2,TP53,TSG101,TYMS,UMPS,UPF3B,USP11,VPS28,VPS37B,VPS37D,XPC,ZNF707,ZWINT,label
199.001,80.999,564.0,274.001,550.971,441.0,213.0,505.0,306.0,520.0,81.217,104.0,326.0,5.0,27.0,110.0,57.0,85.043,134.0,443.0,667.0,1801.998,349.999,430.0,87.0,230.001,543.0,129.999,156.0,492.001,146.0,301.0,266.001,500.0,216.585,53.0,225.0,649.999,116.001,138.0,301.0,330.999,158.999,126.0,262.0,801.003,201.001,61.0,742.0,119.0,62.0,251.0,60.0,338.999,528.0,173.457,131.999,308.001,73.999,717.001,127.0,190.0,300.002,1.0,184.999,301.0,65.049,47.999,102.0,115.999,170.969,87.0,436.0,170.999,94.999,306.001,1253.001,354.0,238.0,272.999,86.001,179.0,130.0,42.0,105.904,140.0,215.999,129.0,341.943,39.0,11.0,116.815,108.999,375.0,156.999,1381.0,54.0,51.0,30.001,50.0,447.0,240.0,41.999,532.999,54.0,1732.0,2826.001,482.001,1113.999,128.0,63.999,1156.603,560.0,161.0,202.894,789.999,121.0,180.0,116.999,276.0,177.0,230.001,193.298,75.001,949.981,2118.0,353.0,257.999,25.0,182.0,42.0,511.001,283.0,219.757,14.0,396.001,49.0,8.0,1
214.0,42.0,2878.999,265.0,77.445,626.0,236.001,815.0,385.001,539.0,58.8,115.0,205.0,7.0,7.0,199.0,167.0,118.0,164.0,442.0,720.0,1933.003,390.0,179.001,147.001,249.999,607.0,193.0,432.001,506.0,105.0,434.001,228.999,656.0,200.002,38.0,272.0,898.0,119.0,178.0,357.999,360.0,127.0,103.0,210.999,852.0,999.0,61.0,725.001,145.0,112.0,286.0,72.0,332.999,650.0,190.472,185.0,182.177,126.998,833.0,123.999,153.0,656.001,0.0,127.001,406.0,74.292,102.002,133.999,160.0,197.0,77.0,234.0,230.002,88.0,318.999,1224.001,386.0,228.001,369.001,332.0,223.001,240.0,83.0,92.445,147.0,186.001,176.0,397.947,41.0,6.0,197.06,173.001,243.0,214.0,1145.939,101.001,81.0,33.0,61.999,587.0,280.0,45.0,675.001,15.0,2381.0,1616.0,374.0,1128.0,107.0,97.626,681.975,558.0,222.0,254.0,976.001,107.0,211.0,139.0,166.0,387.001,203.999,220.969,96.001,599.684,1230.0,290.999,261.0,42.0,131.001,61.999,1198.001,481.001,227.877,24.0,667.0,92.0,20.0,0
134.001,233.001,607.0,315.0,182.95,753.0,162.999,1178.001,328.0,580.0,31.78,172.0,234.0,4.0,1.0,198.0,60.0,137.999,177.0,547.0,750.0,3336.0,276.999,516.998,138.0,488.999,814.001,267.0,192.0,423.999,128.0,722.001,336.0,886.002,397.128,71.0,291.001,836.998,164.0,292.0,463.0,607.001,205.0,281.0,328.0,909.999,253.0,66.0,753.0,139.001,158.0,357.0,131.0,437.998,828.0,170.73,253.0,264.0,218.0,1430.0,173.0,223.0,139.999,14.0,78.0,496.999,92.904,184.001,83.001,202.999,134.621,80.0,270.0,251.999,148.999,376.001,1566.998,574.999,387.0,403.0,384.0,277.0,197.0,134.999,107.921,297.0,322.0,184.0,420.563,78.999,3.0,210.001,203.0,319.0,261.0,1445.0,126.0,97.0,53.999,105.0,568.0,270.0,54.001,546.0,42.0,2336.0,1268.001,642.0,2013.0,168.0,123.591,1117.924,870.999,320.0,363.187,963.001,111.0,210.0,133.0,177.0,301.999,201.999,238.19,123.001,963.928,1413.0,321.999,368.001,10.0,299.001,112.0,1036.0,452.001,506.548,46.0,1042.0,107.0,22.0,0
186.0,23.0,2288.0,183.0,78.258,461.999,150.0,569.0,229.0,356.999,50.058,92.0,202.0,2.0,12.0,131.0,62.0,81.001,192.0,312.0,581.0,1603.001,404.0,371.999,112.999,221.0,444.0,112.0,242.999,386.0,106.0,409.999,287.0,705.0,332.839,34.0,202.0,552.0,102.0,128.0,279.001,271.999,146.0,200.0,196.999,536.999,690.0,37.0,558.0,98.0,131.0,219.0,103.0,329.001,523.999,132.981,155.0,141.118,105.999,830.0,145.0,172.0,177.0,2.0,116.999,305.999,71.713,86.999,100.0,131.0,224.0,55.0,300.0,204.0,99.001,236.0,1177.998,294.001,232.0,284.999,198.002,148.0,157.0,64.0,84.439,135.0,190.0,142.001,428.866,32.722,1.0,151.001,139.0,196.001,179.001,765.666,73.0,73.0,27.0,60.0,374.0,152.0,61.0,542.0,24.0,882.0,1339.0,393.999,1259.999,131.0,78.969,1090.937,378.0,153.999,206.136,658.0,49.0,172.999,124.0,197.0,280.999,187.0,173.383,84.001,576.976,892.0,267.001,175.999,46.0,164.999,65.0,808.0,317.0,248.518,13.0,618.0,91.999,23.0,0
301.001,277.629,1008.0,608.0,164.251,607.0,541.001,1218.421,413.999,781.999,175.626,84.0,405.0,0.0,17.0,145.0,54.0,173.058,285.0,479.0,737.999,2612.0,215.0,535.0,183.001,366.0,973.0,236.0,601.0,735.0,137.0,585.0,301.0,872.999,377.998,172.0,323.002,935.0,192.001,322.001,583.0,485.0,245.001,103.0,392.0,1063.001,2020.999,119.0,1111.999,226.0,274.999,277.0,107.0,794.001,789.0,400.637,238.001,229.0,167.0,1177.001,182.0,331.0,888.0,18.0,1007.001,511.001,109.178,102.001,239.487,286.999,271.331,169.0,383.0,157.001,337.001,407.001,1696.999,553.999,509.704,638.001,164.0,297.001,371.0,99.0,158.786,241.001,321.0,233.999,637.764,70.0,22.0,93.0,219.0,457.0,300.0,1402.0,178.0,90.0,84.0,89.0,613.0,289.0,93.001,482.0,49.0,2205.998,2967.0,856.0,1269.001,206.001,138.016,2362.913,1056.0,285.0,348.0,1253.0,175.0,368.0,142.999,395.001,487.001,269.0,356.843,148.0,440.0,1846.001,521.0,346.001,65.0,372.001,129.0,1074.999,510.0,477.883,7.0,650.0,135.0,83.999,0
323.0,45.999,3270.0,369.0,86.873,438.0,195.999,773.001,218.001,528.0,47.759,100.0,304.0,2.0,5.0,123.0,88.0,117.0,194.0,417.001,704.0,2123.002,636.001,569.0,229.001,316.999,418.0,149.0,333.001,822.002,179.999,661.001,316.0,848.0,424.999,86.0,297.001,907.001,129.0,190.0,361.0,360.999,225.0,215.0,204.999,789.0,1415.0,65.0,722.001,205.0,237.0,291.0,90.0,444.0,648.0,131.929,238.0,214.0,149.999,1012.001,174.0,236.0,204.999,0.0,82.0,445.001,142.289,100.998,168.0,185.001,364.999,48.999,393.0,291.999,97.001,257.0,1839.0,341.0,283.614,387.0,335.999,220.001,275.0,75.0,109.179,124.999,280.0,223.001,773.492,74.0,7.0,233.999,167.0,313.999,210.0,796.0,116.999,102.0,56.0,96.999,511.999,274.0,54.0,808.001,48.001,954.0,1980.001,528.001,1270.998,196.0,115.696,1558.858,737.0,339.999,285.774,1001.001,113.0,260.136,152.0,232.999,682.0,253.0,208.465,128.999,1025.799,1092.0,372.0,288.0,75.001,252.0,99.0,1513.002,504.0,395.863,21.0,1069.959,122.0,52.0,0
264.0,39.999,886.001,335.0,187.279,446.0,221.0,763.0,223.001,545.999,56.967,180.0,279.0,11.0,4.0,117.0,38.0,96.001,162.0,527.0,711.999,2097.002,289.999,564.0,185.001,342.999,717.0,160.0,184.001,626.001,142.0,585.0,333.998,695.0,299.0,61.0,268.001,551.001,139.0,226.0,406.0,316.001,197.0,268.0,315.001,761.002,198.002,72.0,851.002,164.001,126.002,367.999,115.0,385.001,752.0,156.397,251.999,207.001,175.0,1247.0,159.0,169.0,36.0,1.0,94.0,469.0,74.165,98.0,166.0,190.0,253.0,88.0,286.0,249.999,145.0,242.0,1652.001,521.999,298.048,491.0,356.001,257.001,239.0,119.001,105.875,234.0,235.999,176.0,529.85,60.042,3.0,212.449,206.0,315.0,249.0,571.0,120.0,112.0,38.0,66.0,457.0,213.0,40.0,352.0,45.0,1280.001,1620.001,639.0,1654.0,163.0,92.0,1350.944,799.0,179.002,318.998,984.0,130.0,180.999,136.0,171.0,385.999,272.999,146.063,102.001,851.696,1365.0,537.0,357.543,20.0,247.0,58.0,1174.001,569.001,785.289,32.0,748.0,99.0,19.0,0
177.999,46.001,584.001,221.001,150.691,453.0,142.0,823.0,212.001,405.999,48.995,106.0,261.0,9.0,2.0,97.0,37.001,79.001,230.0,402.0,748.0,1647.001,268.0,417.001,104.0,302.0,570.0,157.001,184.0,362.001,116.0,495.001,294.0,804.999,359.998,45.0,214.001,498.001,112.002,203.001,369.001,369.0,249.0,281.001,237.0,593.998,269.0,77.0,609.0,138.0,104.0,245.0,84.0,369.0,621.001,93.0,218.001,154.0,150.0,1250.0,153.0,191.0,66.0,0.0,80.0,376.001,79.446,118.001,108.0,172.0,185.001,67.001,248.0,188.999,88.0,280.999,1517.001,392.0,240.521,336.0,269.0,192.0,189.001,96.001,95.978,197.999,245.999,150.0,414.733,57.09,2.0,169.12,154.002,326.0,182.0,881.001,98.0,115.0,50.0,92.001,499.0,170.0,38.0,404.999,35.0,1331.001,1138.0,494.0,2013.0,128.001,95.114,1276.708,513.0,198.0,283.474,702.001,106.0,150.0,123.0,180.0,245.0,181.0,191.142,80.001,698.805,1201.999,387.0,249.0,20.0,236.999,91.0,741.999,393.999,530.249,19.0,568.98,77.002,36.0,0
210.001,139.0,473.0,603.0,157.457,364.0,643.0,746.999,421.0,970.999,117.135,116.0,469.001,11.0,6.0,82.0,44.0,75.999,137.0,374.0,683.999,2550.001,390.999,498.0,115.0,197.0,680.0,82.0,325.0,652.0,128.0,388.0,188.999,491.0,228.0,181.0,235.998,530.0,62.999,113.0,476.0,292.999,230.998,69.0,359.0,1298.0,382.999,79.999,1717.999,159.999,214.0,323.0,77.0,318.999,662.0,396.022,136.001,198.0,141.0,781.0,69.0,304.0,237.0,1.0,442.0,397.998,139.464,130.999,248.0,180.0,138.49,117.0,303.0,154.0,208.0,320.998,2510.001,459.999,306.999,596.999,150.0,204.001,191.001,116.999,88.545,96.0,217.0,57.0,812.12,45.24,44.999,96.362,204.0,185.0,214.0,911.0,173.0,139.0,51.001,135.0,314.0,226.0,32.001,289.999,55.0,767.0,2536.0,583.998,1099.999,164.0,71.398,1096.793,1077.0,358.0,201.808,970.998,155.0,259.001,91.0,212.0,314.002,225.0,191.299,104.0,476.978,1425.306,692.0,196.0,83.0,312.999,42.0,620.001,424.001,534.423,9.0,388.944,116.0,141.0,0
303.0,59.0,3260.0,528.0,164.134,893.0,333.0,978.999,462.001,870.0,90.361,195.0,381.999,9.0,13.0,300.0,96.0,173.0,231.999,767.0,1049.001,4278.001,632.0,705.0,315.0,432.0,907.966,235.0,334.0,883.0,206.0,786.998,373.001,824.999,380.0,125.0,417.0,1181.0,203.999,321.999,621.001,396.001,197.0,252.0,357.999,1160.001,815.0,92.0,1239.0,261.0,189.0,674.0,221.0,510.0,909.999,299.468,340.0,404.138,196.0,1529.999,238.001,405.0,261.001,1.0,159.0,404.001,73.422,130.999,171.999,216.0,248.29,107.0,434.0,319.0,165.999,393.999,2648.0,693.001,435.0,630.0,331.001,381.999,311.001,169.0,187.415,316.0,350.0,272.0,659.681,73.019,10.0,181.135,241.999,302.0,346.999,745.002,146.0,157.0,92.999,137.0,616.001,330.0,83.0,787.0,63.0,2314.0,3186.0,847.0,1822.0,175.999,157.701,1864.456,999.0,288.0,449.999,1302.0,203.0,378.096,168.001,220.999,485.0,326.999,250.578,188.0,1510.558,2086.0,550.0,482.001,60.0,318.999,56.0,2135.001,728.0,694.522,52.0,1258.0,131.002,42.001,0
180.001,28.0,2557.999,295.001,89.08,479.999,205.999,593.999,263.0,449.0,72.479,85.0,186.0,2.0,11.0,106.0,64.0,90.001,136.0,293.0,553.001,1471.998,455.0,394.0,134.0,292.0,491.0,115.0,247.999,455.0,138.0,384.79,218.0,597.544,230.999,55.0,199.0,797.001,88.999,103.0,250.0,277.0,152.0,232.001,223.0,828.999,666.0,29.0,515.001,148.0,164.998,282.0,106.999,315.0,515.0,185.265,149.001,173.999,142.0,672.0,129.999,202.0,217.0,0.0,103.999,344.001,90.999,71.0,180.0,98.0,277.93,44.0,238.0,148.001,88.0,219.001,987.0,286.0,207.999,314.999,308.0,156.999,131.0,131.001,123.827,129.0,169.001,145.001,401.606,40.847,4.0,190.001,125.001,218.0,170.999,596.501,72.0,71.0,37.0,63.0,344.0,133.0,32.0,521.0,50.0,518.0,1125.001,387.001,927.0,162.0,88.098,889.958,421.0,251.001,168.518,836.001,110.0,221.0,90.0,192.0,305.999,190.0,128.741,91.0,562.956,822.0,235.999,195.001,37.0,124.0,61.0,787.0,390.001,279.428,18.0,711.0,101.0,25.0,0
287.001,44.0,4558.999,234.001,116.47,441.0,187.0,807.0,178.0,533.999,76.269,92.0,260.0,6.0,12.0,134.0,177.0,99.074,220.0,390.0,812.999,2258.0,604.0,396.0,183.999,312.001,508.0,154.999,225.999,529.999,144.999,685.001,309.0,753.511,363.999,64.0,282.002,582.999,133.0,182.0,345.001,338.0,175.0,221.999,242.0,595.0,1608.0,68.0,651.999,139.0,171.002,233.0,113.0,392.0,557.999,101.001,188.999,157.0,134.0,949.627,197.0,242.0,245.999,2.0,93.0,422.999,107.365,105.0,114.0,174.001,176.549,38.0,353.001,213.001,115.0,288.0,1553.0,343.999,310.0,329.999,259.999,229.999,160.0,79.0,90.519,165.0,268.0,174.0,535.574,59.326,5.0,211.088,171.001,289.0,200.0,731.0,114.0,82.0,56.0,78.001,504.001,221.0,32.999,695.0,23.0,1563.999,1741.001,509.001,1413.0,157.999,113.727,1595.728,657.0,263.0,272.809,893.0,133.0,241.0,136.998,152.0,447.001,192.999,194.39,79.0,944.76,1104.0,308.999,260.0,58.0,222.001,79.0,1195.0,395.0,306.262,13.0,953.999,116.0,37.0,0
158.0,29.999,3084.001,404.0,120.069,882.0,395.001,1607.999,92.0,1097.0,138.535,109.0,270.999,4.0,3.0,218.0,174.001,182.65,229.0,710.0,1168.001,2696.0,293.0,277.0,221.0,309.0,744.001,237.0,304.999,929.001,144.0,500.001,294.999,732.093,398.998,112.0,331.002,1261.0,218.0,367.0,427.0,477.0,291.999,293.0,226.0,1032.0,1616.001,101.0,795.0,233.001,85.0,498.0,186.001,524.999,695.001,386.613,123.001,259.083,161.0,1272.0,171.0,374.0,617.0,3.0,214.0,486.0,111.707,161.0,119.0,189.0,494.0,111.999,199.0,149.001,143.001,296.001,706.0,521.0,297.001,486.999,186.0,387.0,187.001,125.0,158.709,282.0,321.0,300.0,303.773,66.0,7.0,76.57,185.0,365.0,413.0,669.001,180.999,106.0,60.001,80.001,539.0,359.0,91.0,954.0,33.999,1884.001,2214.0,619.001,1576.0,75.0,180.552,1460.759,682.0,315.0,513.0,739.001,201.999,293.001,161.001,289.0,166.0,138.999,247.373,68.999,1098.223,1862.999,373.001,464.0,37.0,282.001,78.0,1074.0,414.001,341.731,8.0,731.996,53.0,42.999,0
226.001,34.0,2882.001,335.0,135.851,641.0,216.0,651.472,308.001,507.0,80.446,121.0,274.999,2.0,21.0,173.0,79.0,109.752,203.001,443.0,668.001,2120.001,402.001,526.0,165.0,295.0,674.0,164.0,250.0,610.0,119.0,467.999,270.0,828.001,355.703,66.0,247.0,928.999,134.0,188.0,347.0,381.0,205.001,190.999,291.0,804.002,489.999,74.0,860.998,180.001,130.001,411.0,121.999,468.0,805.0,242.952,167.0,194.999,159.0,1050.939,150.001,188.0,183.999,1.0,127.0,451.0,65.682,65.001,140.0,184.0,229.7,109.0,338.999,211.999,112.0,231.0,1555.999,418.0,278.0,391.0,373.0,249.999,212.0,103.0,93.723,185.0,274.0,190.999,452.009,45.0,4.0,195.279,175.0,330.0,283.0,830.401,123.001,98.0,58.001,70.0,506.999,200.0,45.0,297.0,47.0,1140.0,1592.0,581.0,1596.0,162.0,118.408,1279.763,736.0,282.0,233.674,860.002,147.0,205.999,135.0,229.0,401.001,218.999,210.903,95.001,731.842,1270.001,403.999,294.001,33.0,233.0,94.0,1142.001,427.0,427.741,27.0,942.987,99.0,7.0,0
446.0,230.868,3138.845,535.442,129.359,547.999,344.0,559.0,1127.0,622.0,0.0,167.4,457.0,7.0,4.0,102.0,108.22,65.0,220.105,449.0,668.999,2159.733,643.0,806.584,223.001,531.774,606.999,195.0,407.001,770.463,231.0,653.002,242.009,998.0,337.344,90.0,255.0,1277.999,89.0,138.0,643.0,310.0,202.999,176.0,510.999,1250.002,385.999,53.0,1135.0,192.0,188.001,584.272,74.0,442.904,877.001,102.0,328.999,451.0,282.074,823.343,130.0,146.0,117.999,6.0,126.001,440.0,159.122,104.002,217.001,186.0,387.551,50.001,474.011,378.383,130.999,416.001,3929.0,361.999,271.561,860.999,815.999,225.0,323.0,148.207,155.974,129.0,280.0,174.0,1714.467,39.0,6.0,236.051,174.0,322.0,174.999,723.565,113.0,75.0,79.0,116.123,570.999,226.0,24.0,258.001,76.001,1216.001,2042.681,634.999,1290.524,518.0,73.035,1870.766,952.018,188.0,322.098,1398.0,165.0,858.937,113.0,107.0,1548.285,503.236,245.654,151.001,1022.616,1397.947,927.999,267.001,58.236,229.002,126.0,2047.999,929.998,772.797,37.0,904.662,198.999,22.0,0
257.999,412.3,1712.31,591.411,117.95,600.0,235.0,752.0,2088.0,577.999,0.0,94.139,411.0,14.0,37.0,61.0,87.736,102.999,221.678,258.0,536.999,7031.843,530.0,797.408,120.001,507.864,637.0,261.0,958.912,613.322,185.0,797.999,231.181,1152.0,241.999,80.0,233.999,1903.001,69.0,159.0,597.001,358.999,170.001,165.0,487.001,1285.999,453.999,67.0,1024.0,120.0,284.0,550.965,56.0,427.001,877.999,55.73,417.0,376.001,320.664,754.367,129.0,95.0,163.001,0.0,104.0,414.999,230.009,105.999,161.0,168.0,393.0,88.0,273.313,437.954,81.94,472.0,5304.0,449.0,245.344,733.001,239.001,160.0,230.0,130.001,128.301,144.0,221.0,177.961,2308.672,33.0,11.0,146.173,209.999,236.0,134.0,1225.715,129.0,83.0,46.001,93.869,519.999,126.0,11.0,246.0,66.0,904.0,1704.197,568.999,1107.0,616.001,98.777,1174.507,962.376,289.0,251.903,1753.999,170.0,1080.206,88.0,77.0,1668.055,418.257,262.48,131.0,1268.439,1167.972,497.0,267.0,41.394,170.0,192.999,1696.999,912.001,975.632,42.0,1223.187,218.998,11.0,0
500.003,135.213,2201.224,722.97,255.683,692.919,495.001,1024.0,7783.999,900.0,0.0,107.135,1428.999,61.0,76.0,141.0,266.911,145.999,289.92,367.0,732.999,3127.57,320.0,1008.883,172.001,560.27,888.0,332.0,380.791,492.473,436.273,715.001,277.292,818.001,450.705,289.0,279.0,1123.0,185.999,145.999,1156.0,369.001,153.0,109.579,816.001,1475.999,40.001,144.0,1286.001,316.94,809.999,358.817,85.0,517.999,631.001,198.999,301.001,442.001,413.308,663.219,231.001,516.0,283.117,4.0,376.542,398.221,288.645,132.999,609.0,283.001,462.034,64.0,410.0,471.948,178.704,553.998,4673.002,492.0,475.431,1188.0,460.063,192.0,428.0,205.366,166.107,109.0,227.5,182.001,2588.245,87.999,61.0,311.069,332.998,382.0,194.0,2749.012,183.001,134.037,125.0,193.466,546.001,204.0,56.0,212.0,190.0,575.999,3075.838,474.999,1300.392,740.998,93.569,2319.815,1458.0,865.0,289.367,1852.999,233.0,1109.034,110.982,125.0,1316.267,784.934,367.942,316.0,472.144,1259.364,1029.019,338.017,550.771,389.999,169.0,2081.0,1093.0,864.777,173.0,669.732,257.991,306.0,1
304.999,194.339,6132.371,468.919,102.369,419.0,220.0,514.0,583.001,479.998,0.0,65.315,475.0,6.0,18.0,122.0,177.589,70.16,162.0,278.0,509.0,1970.221,430.001,681.25,138.0,311.4,402.999,152.001,585.818,748.271,180.999,499.0,229.555,605.0,345.001,77.0,227.0,1276.0,86.001,90.0,548.0,332.0,142.0,123.001,247.999,1097.0,1141.001,43.0,712.999,154.001,244.002,395.006,72.0,452.0,563.001,131.6,217.999,397.119,174.941,655.0,148.001,141.0,342.999,1.0,81.809,309.0,154.353,74.002,242.0,128.0,297.12,34.001,426.0,284.001,102.0,243.0,3006.999,250.0,266.0,638.0,215.0,155.999,298.0,77.062,107.291,99.0,214.0,135.0,1888.233,30.0,18.0,251.013,162.0,303.0,119.999,698.889,108.0,79.0,40.001,97.039,389.0,153.0,22.0,341.001,58.082,861.999,1961.0,413.001,845.635,298.001,90.606,1660.892,644.965,253.0,254.0,1169.999,84.0,1009.205,101.999,137.0,1178.711,409.12,184.0,103.0,747.577,1026.867,565.0,188.0,124.736,158.0,64.0,1885.0,650.0,572.677,28.0,782.308,155.0,54.0,0
594.0,215.876,3002.904,1423.995,520.103,459.0,529.001,1085.742,747.0,2607.0,0.0,104.745,1431.001,2.0,45.0,213.0,1.0,79.0,359.739,1604.0,872.0,7100.147,540.0,917.07,260.0,456.436,1352.999,193.0,466.008,1075.727,2500.184,578.999,287.975,926.627,176.999,219.0,513.002,1437.0,239.999,181.0,1300.001,483.0,280.001,189.0,510.999,1829.001,30.0,128.0,1541.0,194.001,168.086,970.804,135.0,628.001,755.0,671.957,347.0,1916.001,250.471,556.704,254.0,420.0,30.0,2.0,163.0,112.0,125.692,89.0,236.0,109.0,584.871,113.999,1798.238,300.167,151.999,404.0,7351.0,512.001,486.494,1447.0,176.0,216.0,332.0,162.522,201.679,151.0,279.0,142.0,2511.205,17.293,55.001,174.001,337.001,572.999,217.001,1032.532,104.0,44.0,81.0,80.412,424.0,127.0,37.0,467.0,129.0,1089.001,15282.056,779.001,1029.382,609.0,53.429,2571.872,1111.0,90.0,383.88,2723.0,217.0,1252.078,199.001,674.0,617.337,874.659,443.592,220.0,493.585,5845.538,1309.0,415.551,273.87,277.001,69.0,1423.001,778.998,568.834,53.0,880.755,218.0,108.001,0
382.001,198.494,2986.308,370.927,120.965,448.0,250.0,514.0,1511.0,503.0,0.0,143.767,555.0,19.0,15.0,106.0,92.788,74.0,197.398,276.0,462.999,1678.61,515.999,790.06,96.001,438.05,601.0,119.0,417.0,597.581,255.999,631.0,233.635,825.001,306.999,59.0,259.999,940.0,106.0,97.999,488.001,284.999,147.0,93.0,667.0,942.999,410.999,41.0,825.0,142.0,238.001,415.474,62.999,396.001,714.001,122.12,300.0,388.999,315.874,522.762,144.0,110.0,103.0,4.0,80.001,311.001,146.321,85.0,214.001,173.999,332.455,92.0,496.867,399.698,131.0,348.999,3342.955,256.0,263.417,735.0,395.0,144.999,256.999,116.487,112.359,107.0,215.0,138.0,1777.448,36.999,8.0,350.0,191.0,284.0,147.0,953.404,97.999,52.0,59.0,105.543,410.999,192.0,36.0,197.001,98.0,739.001,1442.604,487.0,1165.248,517.999,88.0,1576.945,731.0,205.807,368.0,1415.0,101.0,764.281,131.001,96.0,1337.495,453.175,198.0,164.999,793.197,947.361,505.0,168.0,38.328,224.0,89.0,1326.0,820.999,794.279,51.0,824.097,216.0,13.0,0
413.999,175.257,2623.771,621.992,100.838,436.999,398.001,949.001,852.0,931.0,0.0,77.622,525.001,6.0,13.0,99.0,132.196,126.898,189.722,360.0,717.0,1909.099,891.0,611.371,174.0,495.618,633.0,264.0,693.781,1182.66,245.0,681.001,243.477,850.373,234.999,45.0,352.0,1915.999,108.0,218.0,706.999,314.0,167.0,136.0,390.001,1235.001,2235.0,87.0,906.999,267.803,251.001,453.657,67.0,471.0,741.999,95.828,280.0,371.0,289.961,604.643,176.0,191.0,412.999,6.0,284.999,288.001,138.195,85.0,273.0,173.001,461.088,54.001,371.0,399.001,99.001,427.001,4397.0,370.0,262.345,1005.998,250.0,161.001,293.0,115.357,160.57,108.0,272.0,207.001,2215.673,27.0,16.0,239.0,173.0,318.999,171.0,772.501,126.0,38.0,52.0,94.033,463.001,221.0,37.0,531.0,73.0,1506.0,2146.048,582.0,943.754,389.001,86.863,1896.958,842.0,301.0,301.847,1337.0,127.0,1098.013,146.001,155.0,1246.043,514.429,237.999,131.999,1375.561,1104.266,682.0,284.935,96.979,190.0,107.001,2097.0,882.999,893.766,34.0,1030.313,208.0,28.0,0
154.001,263.378,819.179,387.646,82.301,310.0,151.0,388.039,1067.999,424.0,0.0,87.081,302.0,21.0,22.0,69.0,55.0,50.539,127.327,134.0,404.001,1366.251,359.001,616.191,86.0,240.766,422.0,115.999,369.252,478.931,130.114,423.999,180.161,635.692,244.999,99.0,141.999,805.0,72.0,78.0,365.999,190.0,129.0,102.0,271.999,892.001,104.999,51.0,670.0,81.0,172.0,263.139,62.999,309.501,598.001,59.0,150.0,217.0,148.68,552.663,103.001,93.0,135.0,1.0,137.999,290.999,92.516,62.001,107.719,108.0,130.483,46.0,198.0,250.067,147.998,295.0,3447.265,243.0,139.0,625.996,160.0,97.0,171.999,69.744,89.756,70.001,114.0,93.999,1403.648,30.001,17.0,115.001,161.0,168.001,120.001,1157.964,47.999,71.0,32.0,62.0,387.999,71.0,22.0,201.0,30.0,673.0,1253.274,428.001,824.956,275.0,66.325,1024.972,532.0,242.001,157.574,1035.0,85.0,620.614,55.001,108.0,656.782,245.759,248.912,89.001,566.227,780.663,487.887,161.0,62.841,178.999,64.0,795.0,505.0,671.068,21.0,539.572,177.0,34.001,0
487.001,421.361,11149.48,643.913,143.129,651.0,361.999,646.593,891.0,759.999,0.0,140.039,475.999,16.0,6.0,126.0,137.897,147.371,271.678,398.0,794.001,2377.101,762.0,951.019,255.0,483.144,670.0,214.0,691.063,931.336,246.999,833.0,276.76,1280.345,387.001,104.0,339.001,1897.999,135.999,160.0,714.999,419.0,223.0,211.0,514.0,1412.997,944.0,81.0,986.0,269.999,249.002,1013.369,109.015,548.999,1111.0,151.652,400.001,420.0,442.077,802.28,157.999,208.0,340.0,3.0,118.0,553.0,187.037,111.0,358.999,178.0,563.15,66.001,478.0,501.509,165.0,491.999,4156.0,421.001,304.874,1065.001,1017.001,225.999,294.0,133.432,161.96,116.0,324.0,224.0,2174.519,48.489,22.0,285.318,277.0,371.0,196.0,943.781,148.0,157.0,48.001,125.326,579.0,192.0,33.0,342.0,77.0,1037.001,1891.236,801.999,1227.479,562.0,80.999,1856.276,1066.001,417.999,362.208,1745.0,150.0,1118.717,160.998,126.0,1497.774,509.221,223.815,240.001,1259.562,1345.11,1002.03,313.001,87.249,289.0,154.0,2215.998,1075.001,799.442,49.0,1127.471,300.0,43.0,0
567.001,217.131,1808.363,1064.581,302.41,873.0,712.001,900.98,565.0,1665.999,0.0,163.736,1414.0,9.0,19.0,222.0,0.0,95.0,237.087,1110.0,961.0,5989.014,347.999,878.824,241.001,614.859,1135.001,339.0,708.31,910.694,1238.264,536.002,327.0,923.692,216.0,125.0,363.999,1705.999,237.001,180.0,1086.0,452.001,320.0,171.0,549.0,2448.0,183.999,149.0,2104.999,250.001,148.413,968.486,114.0,683.738,801.999,495.479,265.999,1170.999,247.021,752.501,191.0,354.0,94.999,1.0,216.0,157.001,74.913,69.999,166.0,183.999,706.871,118.0,1575.385,305.958,151.395,474.001,5538.001,520.999,399.265,1348.999,193.999,206.0,338.001,195.3,259.804,192.0,286.001,147.0,2477.008,7.0,25.0,86.999,284.999,746.0,209.0,1525.007,104.0,25.0,76.0,111.999,666.999,286.0,31.0,637.0,133.0,1276.0,10795.818,693.0,1036.302,439.0,62.491,2418.99,1135.982,109.0,417.674,2096.0,224.0,1442.93,209.0,589.0,517.132,867.324,406.115,143.0,926.907,4590.04,1674.999,442.0,162.367,211.002,41.0,1095.999,797.0,635.029,54.0,1649.77,186.0,47.0,0
444.0,151.053,1336.481,915.984,164.613,603.999,551.999,786.0,911.0,1221.001,0.0,415.002,1511.0,0.0,20.0,249.0,101.96,154.001,231.992,657.0,827.0,2800.0,1118.0,1046.97,187.001,773.589,1011.0,418.999,674.0,778.402,262.001,610.0,269.998,901.315,267.998,105.0,267.0,2301.999,170.001,118.0,788.0,550.999,181.0,101.0,581.0,1636.002,426.998,66.0,988.999,272.231,359.001,622.119,209.0,505.999,1056.0,419.089,353.998,818.0,602.877,936.774,187.0,398.0,441.001,3.0,205.017,460.0,146.102,99.001,323.0,216.0,513.57,85.0,722.594,407.989,113.001,504.0,3380.0,465.001,376.03,861.999,110.0,231.001,368.001,136.159,269.285,192.0,552.001,318.95,2289.87,28.339,41.0,233.017,254.999,709.0,132.0,1606.395,182.999,76.0,92.0,106.15,679.999,196.0,52.0,443.0,161.0,1851.0,4583.218,328.0,1742.078,418.001,86.211,2262.805,954.018,187.0,559.644,1705.0,150.0,1453.976,132.0,122.0,952.695,714.988,289.001,112.999,769.269,2306.319,1124.999,323.0,241.705,267.0,71.0,1979.001,1765.999,858.93,74.0,1962.504,197.999,56.999,0
275.999,161.144,980.706,1193.986,150.994,677.0,753.0,793.0,407.999,1276.001,0.0,430.826,1566.0,3.0,13.0,442.0,49.096,134.999,311.274,937.0,766.001,3432.743,976.001,1023.999,237.001,865.859,1324.0,596.0,543.671,859.427,358.0,632.001,363.559,695.878,311.001,221.0,284.0,2283.0,273.001,126.0,724.0,441.0,183.0,114.0,610.0,1667.002,248.001,128.0,1423.001,417.0,496.766,721.113,223.0,651.001,934.0,1303.331,241.0,1012.161,648.486,1248.478,158.999,654.0,474.999,5.0,84.999,359.001,129.26,182.0,237.0,169.999,325.301,65.999,651.999,426.425,141.0,535.0,3263.0,593.0,438.444,869.998,150.0,252.0,345.001,183.0,236.837,334.999,545.001,333.894,2354.254,30.0,17.0,164.001,247.0,889.0,189.0,851.477,211.999,91.0,91.001,54.0,596.999,185.0,106.0,423.0,243.999,1297.999,6182.48,496.999,1611.097,535.999,105.0,2390.485,1167.0,142.001,594.999,1497.999,218.0,1598.011,176.0,223.0,848.685,723.077,362.531,90.0,346.192,1868.044,1667.0,417.001,325.916,292.999,62.0,3702.0,2292.999,557.561,121.0,2708.998,219.002,50.001,1
354.999,374.617,2270.366,770.88,218.512,530.0,496.999,795.0,1419.0,1195.998,0.0,95.398,563.0,4.0,34.0,112.0,116.0,100.254,209.957,361.0,681.001,2217.002,366.001,736.249,143.0,430.535,564.001,222.0,889.126,819.158,274.0,461.999,289.976,734.0,362.001,97.0,247.998,1534.0,89.0,143.0,737.0,328.001,186.0,66.0,424.0,1699.003,1049.0,102.0,1209.0,210.0,182.0,373.475,71.001,537.695,764.0,266.985,246.001,452.999,242.636,650.453,159.001,172.0,401.999,46.0,556.649,363.001,141.364,53.001,331.001,223.0,388.682,100.0,477.763,237.752,205.22,391.0,4015.001,296.0,301.864,898.999,224.001,153.0,392.001,86.078,110.565,93.0,241.0,126.999,2252.555,25.0,15.0,224.0,199.999,467.0,150.0,1358.284,127.0,40.0,36.0,63.989,463.0,213.0,23.0,250.999,79.999,2225.001,3384.302,577.0,952.57,528.0,74.759,1866.914,988.0,343.001,213.984,1692.001,112.0,921.587,150.001,218.0,989.612,546.435,245.839,135.001,584.417,1353.025,926.999,223.0,105.406,238.999,70.0,1418.001,764.001,427.136,16.0,707.518,156.999,142.0,0
1474.999,94.0,12841.001,2355.001,849.272,6400.0,1977.999,8477.555,3547.999,6568.002,424.618,842.0,2211.0,30.0,108.0,2498.0,555.001,711.05,1470.0,5924.001,5235.001,14950.0,1732.999,1550.0,1808.999,3005.001,4620.0,2217.0,912.0,3147.001,1037.0,3004.002,1111.0,3293.836,994.999,506.0,2424.0,6761.0,1569.0,1571.0,3654.0,2286.999,1633.001,1778.0,1685.0,5313.003,5057.0,1155.0,7052.998,1200.0,545.002,2006.0,953.0,4780.999,3487.0,1832.953,1120.999,2308.001,973.001,9489.0,1912.0,2319.0,1096.999,12.0,1365.0,1443.0,359.331,750.0,610.999,1070.999,1054.575,695.0,1281.0,887.0,662.0,2602.001,8938.0,3266.001,1595.0,3355.999,1093.999,2206.0,1114.0,920.001,1085.515,1943.999,1566.999,1627.0,3467.237,357.003,42.0,501.074,1294.0,3522.0,1825.999,2300.0,1011.0,577.0,445.0,557.001,2761.0,2467.999,469.0,4028.0,253.0,30442.916,16638.0,4322.001,7758.0,547.0,1028.154,7694.851,6270.0,1128.0,2827.298,5666.999,1514.999,1734.0,1064.999,1705.0,1771.0,2089.998,1131.993,486.001,4048.96,11817.0,2602.001,3206.999,667.0,1317.001,544.0,9258.001,3404.001,1690.881,136.0,4536.0,450.001,265.0,0
1697.001,188.001,24265.0,2731.001,1108.169,5868.001,2022.0,9252.249,3612.0,7022.0,535.368,775.0,2128.999,20.0,156.0,2424.0,881.001,910.001,1534.0,5599.0,6289.001,22071.997,2247.999,1762.0,1738.001,2897.001,5056.0,2147.999,1036.0,3629.0,1159.0,3736.0,1313.0,3791.506,1061.001,675.0,2428.002,6787.0,1566.0,1726.0,4230.0,2547.998,1915.0,2159.001,1948.0,5671.999,9670.001,1491.0,6884.001,1399.001,920.999,2687.0,1036.0,4799.0,3938.0,2008.335,1259.002,2212.552,993.0,11134.0,2164.0,3200.0,1449.0,16.0,1018.0,2145.999,536.649,645.001,938.0,1176.0,1344.317,651.0,1683.0,943.0,599.0,3028.0,11821.001,3586.001,1608.999,3994.999,1073.999,2365.999,1214.001,1226.0,1184.235,1930.0,2073.001,1673.0,4322.217,399.457,130.001,617.826,1381.0,3451.0,1843.0,3435.999,1186.0,874.0,655.0,606.0,3055.0,2387.0,539.001,5936.0,330.0,24235.0,19048.0,4927.0,7852.0,693.0,972.121,10613.97,7278.0,1226.001,3061.711,6723.0,1441.0,2260.0,1109.0,1353.0,2109.0,2500.001,1249.33,528.002,5662.729,12728.0,3179.0,3431.896,1088.0,1326.0,524.999,11157.0,4696.001,1966.827,91.0,4964.999,436.999,395.001,0
1665.998,630.999,2045.0,3173.0,441.09,5905.0,1202.999,8466.525,1794.001,5824.994,357.171,863.0,5401.0,67.0,7.0,1595.0,124.0,887.856,1661.001,4581.0,3716.0,14997.999,1158.001,1871.0,1488.001,3917.001,2918.001,2430.0,315.0,1759.001,1956.998,2591.0,713.0,1609.001,1029.0,3517.999,1242.001,4200.0,2038.0,979.001,3290.001,2037.999,2744.999,1119.0,1468.0,2018.0,223.0,3346.0,13216.999,949.999,1293.0,612.0,636.0,6220.0,2703.0,5676.65,59.0,2087.284,890.0,7593.0,945.0,7559.0,680.0,5.0,879.0,1298.001,1337.399,1244.003,1383.742,1528.0,830.998,756.001,1150.0,484.999,848.0,2509.0,4059.0,2235.0,3781.0,2668.0,680.0,2474.0,1284.0,521.0,481.376,2526.0,989.0,577.0,3796.149,1131.31,361.0,510.001,2654.002,6767.999,635.0,2496.747,1472.0,1898.0,2073.999,1447.0,2376.001,1162.0,1822.001,4633.0,383.0,11261.001,17358.001,3798.0,3991.0,267.0,630.834,12946.86,13092.0,1490.998,2446.323,3864.999,612.001,2407.001,887.0,1238.0,1023.998,2143.0,2470.998,751.001,921.0,14725.002,4881.0,3725.0,4204.0,1851.999,918.0,3818.0,1985.0,1747.818,83.0,1534.0,368.0,1875.0,1
2721.001,717.001,3271.0,4766.0,831.427,10904.0,2310.999,13930.62,6982.0,11717.997,539.942,2359.0,8363.001,208.0,72.0,3276.0,800.0,798.0,2185.0,7058.0,4443.0,14903.998,1902.0,3423.001,2939.0,6387.182,5317.0,4140.0,820.0,3362.0,2310.001,4249.001,1156.001,3263.307,1318.999,3664.0,2553.002,5464.999,2460.0,1382.0,6190.0,2787.0,2029.001,2202.0,3232.0,6680.0,254.001,3164.0,21447.999,2228.0,3109.001,1483.0,1089.001,8333.001,5239.001,8482.35,180.0,6689.219,2182.999,11041.999,1523.0,13506.0,3568.0,21.0,1262.0,1555.999,1578.863,2190.999,2518.999,1854.001,834.181,1211.0,2352.0,1070.999,1559.0,5285.999,6328.999,3826.0,6649.791,5470.0,1128.0,3741.001,2381.0,1079.001,964.084,4695.0,1507.0,994.999,9271.098,996.942,823.0,751.646,4582.0,11375.0,1288.0,4313.001,2831.001,2136.0,2314.0,1685.0,3993.0,3085.0,2368.999,3173.0,641.001,21070.999,28040.999,5443.996,6587.0,462.0,1231.105,20015.446,14540.002,2021.0,4134.268,5714.001,1126.0,2574.656,1308.999,1305.0,2719.001,3382.262,2232.632,1522.999,1249.0,15481.0,4233.001,3008.001,6758.999,2368.0,1763.0,7820.999,6240.001,2173.943,585.0,2301.211,1102.998,4453.999,1
1607.0,1141.001,1791.0,1925.0,1041.464,6304.999,1601.999,8116.521,1412.0,8679.0,396.831,989.0,4052.998,134.0,82.0,1743.0,709.0,624.0,481.0,4006.0,2494.0,9003.998,1817.001,1353.002,1843.002,3433.0,4427.999,1628.0,2357.001,2579.001,872.0,2849.999,462.999,4246.333,559.001,543.0,1613.0,5623.0,1481.001,794.0,5308.001,2094.999,1134.0,1098.001,1679.999,5898.001,4890.001,1323.0,6487.001,1161.999,1339.999,1915.001,931.0,2432.0,2618.0,1232.846,1149.001,2912.826,778.001,5035.0,1232.001,3983.0,4365.001,34.0,1450.0,1553.0,366.943,648.998,916.0,715.0,1056.204,869.0,2041.0,698.0,802.0,4488.0,6375.0,3058.0,2363.001,3751.0,699.001,1580.999,1409.998,752.001,870.197,1551.999,958.999,654.0,3722.501,161.976,283.0,817.588,2210.0,6006.0,1101.0,2923.997,1536.001,539.0,534.0,443.0,2015.999,1922.0,620.001,4652.0,312.0,17929.999,12600.0,2426.0,2847.999,291.001,654.133,12004.743,5045.001,1092.0,2129.254,6447.999,848.0,986.999,651.001,770.0,1662.999,1949.003,1514.841,651.0,1558.967,18686.0,2093.0,2146.001,1743.999,722.001,596.0,6047.0,3893.0,1915.466,378.0,2357.0,372.999,429.999,1
2187.001,340.0,11369.999,2811.999,1128.257,6233.001,2261.001,11165.827,2880.001,6837.999,537.516,758.0,2635.999,67.0,72.0,2070.0,1590.0,1258.133,1586.0,6604.001,5305.0,19971.001,4008.999,1499.0,2670.0,3499.0,5276.0,3284.999,1827.0,3733.999,1272.0,3977.0,1088.0,4386.001,1284.999,604.0,2852.0,7924.002,1798.999,1345.0,3846.0,2878.001,1641.0,1887.999,1830.0,4285.001,9868.001,1351.0,6907.999,1043.001,1056.998,3247.0,1166.001,5499.999,2031.0,1223.038,1487.999,2149.426,1195.002,9504.732,2700.0,3545.0,5327.0,13.0,918.0,1868.001,728.697,876.999,1060.001,1128.105,1665.863,734.0,1635.0,1214.998,617.999,2887.0,9806.0,3501.001,2090.0,4510.001,1498.0,3031.0,1539.0,1087.999,1490.505,2061.001,1763.0,2400.0,4098.78,323.285,157.0,788.136,1582.999,4438.0,1883.0,4946.948,1360.0,941.0,503.001,635.001,2842.001,2720.999,605.001,9582.0,357.001,17481.999,22296.001,4213.0,7744.999,527.0,1026.513,8970.001,7124.0,1314.999,3630.652,5648.998,1662.0,2526.088,1330.0,1408.0,2117.0,2381.999,1286.611,815.0,5267.354,14359.0,3655.0,3592.999,2071.0,1040.0,776.0,11297.0,4117.0,1568.971,194.0,5987.0,503.0,506.0,0
1246.0,398.0,5309.001,2086.999,1206.661,5076.0,1549.001,8419.042,2273.0,5423.0,383.723,494.0,1804.0,19.0,22.0,1992.0,208.001,701.999,1104.999,5509.0,3966.999,15994.001,993.0,1585.0,1339.0,2250.001,4053.0,2156.0,693.0,2233.001,927.0,2819.999,975.0,2882.001,661.0,411.0,1758.999,4833.0,1532.999,1867.0,2952.999,1778.0,1308.998,1875.999,1517.999,4446.999,1957.0,891.0,6710.003,860.0,461.0,1475.0,926.0,3650.0,2785.0,1251.659,1070.998,2332.094,747.0,8347.0,1656.0,1747.0,1956.999,11.0,733.0,1543.0,298.862,544.999,396.001,964.0,581.546,834.999,1284.0,693.001,542.0,2395.001,8883.0,2983.999,1591.0,3505.999,1078.0,2193.0,1295.998,828.001,1059.766,2112.0,1460.0,1248.994,2932.614,234.001,47.0,452.072,863.0,4062.0,1584.0,2500.0,788.0,481.0,413.0,551.0,2513.0,1864.0,434.0,2884.999,253.0,15909.0,15754.999,3761.001,7706.001,527.0,801.668,9073.947,5020.0,561.0,2430.245,4569.001,1083.0,1377.0,1005.001,1702.999,1294.0,1889.0,1324.326,432.0,4184.931,11052.0,2298.0,2973.0,440.001,1206.0,364.0,7258.001,2669.0,2689.994,138.0,3322.001,304.0,181.999,0
969.0,146.999,16397.0,1714.0,536.476,7326.0,939.0,8894.693,4350.0,5114.999,213.85,444.0,1644.0,32.0,168.0,2735.0,1715.0,680.593,1433.999,4926.0,5568.0,13051.001,1582.998,1247.001,1306.0,2032.0,3298.0,2025.001,1015.999,2532.0,648.001,2560.001,1465.999,3413.256,1064.999,327.0,1968.001,3747.999,1461.999,1559.0,2517.001,2685.0,1706.0,1693.001,1244.001,3174.999,3582.0,956.0,4015.0,752.0,477.001,1241.0,759.0,4280.002,3320.0,1089.494,650.001,1309.0,526.999,9714.753,1712.0,2151.0,2713.001,7.0,1444.0,1781.001,350.98,625.0,425.999,1289.0,606.983,612.999,1613.0,619.999,461.001,2360.999,10406.0,2822.0,1779.0,2168.999,767.999,1585.0,969.001,621.0,770.842,1855.001,1746.0,1397.0,3673.384,318.0,46.0,453.108,873.0,3699.0,1420.0,3955.0,664.0,747.0,418.001,503.0,3060.0,1933.0,387.0,6291.0,114.0,32183.999,15153.001,4209.999,9406.0,455.0,876.415,10285.886,5004.0,1254.0,2129.882,5356.0,880.999,1518.358,1009.001,2636.0,1290.0,1581.999,1294.131,302.0,4160.706,12374.0,2173.999,2791.0,797.0,1073.999,520.001,7316.999,2300.998,2060.051,85.0,3981.0,295.0,90.0,0
977.999,1094.998,10264.001,2022.0,1251.418,6750.0,1872.999,11152.965,6801.0,9989.0,267.564,928.0,1281.999,9.0,79.0,1121.0,826.0,514.0,601.0,2971.0,4540.001,10197.999,708.001,1198.0,874.999,2529.999,4268.0,1462.0,830.0,1876.0,584.999,1890.001,541.0,3573.999,799.998,370.0,1922.0,26060.001,891.999,866.001,2134.0,1695.998,1317.998,1039.001,1682.0,4735.999,1952.0,498.0,5237.999,528.0,385.0,1001.0,868.0,2830.001,3177.999,821.164,1096.0,2821.427,681.0,5696.0,770.001,1005.0,291.0,16.0,838.0,1046.999,235.474,415.001,502.001,1202.999,744.683,1049.0,619.0,879.001,407.001,3423.0,9269.001,2785.998,859.0,7964.0,649.001,1578.001,600.999,677.001,990.045,1405.001,1199.001,1795.0,3538.817,284.77,33.0,295.462,1051.001,3344.0,1097.0,5821.0,736.222,499.0,273.0,430.0,2008.0,1507.0,383.999,1462.0,237.0,15438.0,8125.0,3147.0,5498.999,450.0,544.418,5081.0,4460.999,906.0,1886.496,4400.999,1540.0,1298.91,521.0,607.0,1354.001,1433.0,1601.341,324.999,4046.987,8342.0,1734.999,2334.999,47.0,973.001,426.0,2386.0,2464.0,1325.512,79.0,2041.0,239.0,138.999,0
1253.999,256.0,16394.0,2742.999,878.241,9166.001,1556.001,8492.001,4928.0,6145.001,498.261,665.0,2530.0,30.0,139.0,1944.0,503.0,744.999,1239.0,5670.0,5063.0,16085.998,3247.0,985.0,1818.0,2013.999,4348.999,2321.0,1470.0,3183.0,784.0,2690.999,1141.0,3190.233,813.0,546.0,2135.002,7091.0,1390.998,1542.0,3396.0,2200.001,1363.0,1552.999,1678.0,4891.999,5763.0,1086.0,5532.0,866.0,723.999,1782.0,809.999,4297.001,3389.999,1355.978,1190.0,1562.001,805.999,7983.0,1636.0,3514.0,1316.0,21.0,1813.0,1161.0,328.081,727.0,554.0,1064.0,1201.161,617.001,1755.0,770.0,597.001,2497.999,11198.998,3361.0,1847.0,3129.0,897.999,2178.0,1297.999,803.0,1151.733,1496.0,1484.0,1401.998,3850.373,245.403,74.0,370.0,1298.999,3211.0,1558.0,5379.0,951.0,737.0,394.001,414.0,2918.001,1858.0,433.999,8729.0,297.0,26241.001,16866.001,3504.0,7206.0,491.999,859.519,9424.868,5743.0,1930.999,2559.0,5867.999,1278.999,1912.0,992.0,1742.024,1412.001,1788.998,1363.265,549.997,3853.866,11130.001,2534.999,2914.0,2293.001,1139.0,484.999,7924.999,3075.0,1738.148,119.0,5489.0,382.001,299.0,1
1616.999,168.999,20026.998,2341.0,803.451,4329.999,1847.999,9722.936,1224.0,5961.996,557.144,617.0,1877.0,8.0,47.0,1745.0,1310.001,854.772,1979.0,5413.0,5612.001,13606.0,1825.999,1356.999,2084.0,2307.0,4311.0,2216.001,1228.0,4816.998,1124.001,3057.001,1083.0,4050.647,794.005,628.996,2337.0,8798.001,1422.0,1402.001,2836.001,1751.0,1540.001,1817.001,1517.0,5227.998,10466.999,1313.0,5284.001,944.0,745.999,2204.0,1008.0,5428.999,3080.0,1414.454,1136.0,2027.247,1021.999,8358.919,1542.001,2888.0,1810.999,22.0,631.0,1673.0,975.791,788.001,924.0,982.0,1984.769,563.0,1207.0,941.0,524.0,2929.001,8328.999,2796.0,1331.999,3344.998,1116.999,2255.999,886.001,777.999,1187.937,1652.0,1663.999,1900.0,3236.077,442.271,114.0,577.784,1328.0,3175.0,1859.0,1995.001,1209.0,742.0,471.0,557.0,2338.001,2387.0,513.0,5143.999,312.0,13546.999,14485.001,3716.001,5289.999,520.001,933.127,6559.81,5595.0,1402.999,2960.715,5270.001,1423.0,2495.0,1129.999,1135.0,1565.002,2048.999,1074.867,436.002,4661.238,10571.001,2663.0,2857.001,927.999,1080.0,526.0,9136.999,3340.0,1369.345,82.0,4180.0,412.001,376.0,0
927.999,154.999,18033.0,2156.0,901.477,5068.001,1496.0,11450.408,1059.0,6207.999,444.341,769.0,2073.999,6.999,80.0,1746.0,820.999,1068.057,1802.0,6251.001,6968.999,9815.0,2084.001,1587.015,1983.999,2091.0,3950.999,2965.0,1004.0,3385.0,571.0,3059.0,1185.999,5232.001,928.0,1075.0,2124.0,9139.998,1775.0,2067.0,2179.0,3046.0,1713.0,2111.999,1500.0,4504.0,10866.0,1706.0,3647.001,977.001,621.999,1654.0,1015.0,4741.001,3740.0,1275.196,668.001,1267.001,870.0,9988.401,1275.818,3484.0,3458.999,27.0,1297.0,1550.0,610.745,953.0,459.0,1424.0,1371.687,655.0,1120.0,574.999,656.001,2400.999,7349.0,3139.0,1715.0,2538.0,1112.0,2190.0,903.998,820.0,1275.922,2233.999,1872.0,1977.0,2971.893,549.999,90.0,507.979,1798.0,4112.0,2262.0,2446.0,1280.999,1199.0,532.001,588.001,2960.999,1993.0,625.999,7129.0,157.0,16122.001,10684.0,3893.0,6027.001,528.0,1114.583,7725.779,5202.0,3550.002,2983.597,4633.999,2054.0,2127.0,1079.001,1734.0,1365.0,1228.001,1382.864,492.999,4961.731,11665.0,2365.0,3457.092,752.0,1263.001,760.0,7308.0,2764.999,1747.507,58.0,3769.0,351.999,311.0,0
1327.001,1250.002,5589.999,2659.0,1088.066,4756.0,2120.0,7597.739,3655.001,6077.0,477.9,427.0,2381.0,36.0,125.0,1695.0,1362.0,726.999,1308.0,4636.0,4046.998,11820.999,3686.0,1468.0,1305.0,2497.0,4708.999,1893.999,1911.0,3071.0,1026.001,2903.0,1024.0,3055.147,682.999,537.0,2325.002,6710.187,1468.999,1836.0,3048.0,1930.999,1360.0,1345.0,1710.0,6276.001,7652.002,1071.0,6520.998,1004.001,1183.0,1677.0,789.999,3107.001,2583.999,1452.824,1343.001,2614.0,793.002,6166.999,1192.0,4182.0,6074.0,26.0,2028.0,1085.0,383.577,539.999,724.0,1238.0,1344.445,859.0,3029.0,881.001,635.999,2239.999,9668.001,2550.999,1529.0,3492.962,911.999,2119.999,1270.0,633.0,933.298,1562.0,1416.001,1312.999,3367.598,237.004,107.0,452.179,883.0,2759.0,1671.0,3624.0,961.0,654.0,433.0,511.0,2772.999,2010.0,485.0,6016.0,327.0,19453.999,15359.001,3727.999,5348.001,590.0,771.807,8977.957,5037.0,1134.0,2857.216,5453.0,1340.999,2672.282,1030.001,2124.999,2071.998,1989.647,1394.15,659.999,4420.019,10908.999,2727.001,2680.999,2103.0,1083.0,235.0,6595.0,3601.0,2211.456,68.0,5926.001,322.001,221.0,0
1364.001,95.0,7196.0,1735.0,842.32,6037.0,1166.001,9666.0,3843.0,5434.0,231.895,731.0,1543.999,5.0,159.0,2827.0,353.999,758.76,1696.001,6609.999,5387.0,17389.001,1714.0,1238.0,1630.002,2602.0,4318.0,2591.0,587.0,1863.001,639.0,2821.0,1285.999,3712.838,790.0,328.0,2009.001,5076.0,1884.0,1564.0,3131.0,2483.999,1600.0,2039.0,1406.001,4370.001,2547.999,997.0,5243.002,835.999,493.999,1502.0,961.0,4283.999,2980.001,949.628,1130.0,1795.392,635.0,10720.001,2075.0,2087.0,1106.0,4.0,910.0,1850.999,229.738,755.0,421.999,1041.002,577.083,765.001,1405.0,737.0,472.0,2361.0,9148.0,3425.001,1492.0,2776.998,1147.999,1974.0,1086.998,796.0,837.983,2323.0,1541.999,1435.999,2736.834,278.0,24.0,566.832,1317.999,3721.0,1850.0,3669.914,779.001,549.0,368.0,639.999,2621.001,3004.0,571.0,4064.0,165.0,24818.002,11984.0,3876.001,9065.0,413.0,911.501,9257.855,5512.0,1247.001,2794.95,5072.001,976.999,1295.532,1103.0,1733.0,1917.0,1916.001,1434.287,482.001,3690.353,12864.001,1737.999,3039.0,635.0,885.001,612.0,8557.999,3072.001,1730.221,103.0,4938.0,340.002,158.0,0
1439.0,361.0,6837.0,2289.0,999.939,6327.0,1574.999,10050.692,4652.0,7282.999,425.767,612.0,2126.0,34.0,96.0,1920.0,5678.0,739.631,1394.001,4842.0,6033.0,14762.001,3838.0,1510.999,1639.0,2749.001,4516.0,2450.999,1217.0,2624.0,885.001,3143.999,1263.001,3555.391,971.0,461.0,2645.0,6452.0,1465.999,1744.0,3708.0,2218.0,1509.999,1614.0,1717.0,5260.002,7046.999,1018.0,6293.999,1015.001,856.001,1638.0,1070.999,4189.0,3665.999,1522.909,1229.0,1946.998,883.001,9443.147,1788.0,3610.0,1323.0,33.0,1359.999,1464.0,469.336,678.0,683.001,1210.0,972.284,727.0,2036.999,1004.002,549.0,2598.0,13180.001,3170.0,1629.0,3419.0,1053.001,1742.001,1091.001,1002.0,1121.316,1983.0,1711.001,1640.001,4126.139,433.001,76.0,466.17,941.001,3430.0,1722.0,3949.0,1031.0,543.0,421.001,564.0,3201.0,2804.0,593.0,7492.0,325.001,33710.999,15088.999,3952.0,7443.0,602.0,984.036,10631.936,5665.0,1654.0,3011.852,5857.0,1443.0,1896.741,1141.999,1520.0,1684.0,2213.999,1578.674,442.002,4413.754,10898.001,2414.0,3100.0,1905.0,1285.999,479.0,8975.001,3303.999,1677.167,115.0,6685.0,374.999,285.0,1
1314.0,368.001,5395.001,2059.0,607.215,3175.0,1905.999,4968.755,3081.999,5124.0,453.632,443.0,1941.0,14.0,84.0,1145.0,1393.999,628.201,1078.001,3794.999,4212.999,8778.0,1869.0,1222.0,1033.0,1788.999,3630.0,1375.0,1785.0,2580.999,1079.0,2302.999,841.0,2962.999,550.0,427.0,2001.0,4488.999,1032.0,1096.999,2613.001,1607.999,1007.999,812.001,1251.0,5098.0,8029.999,930.0,4665.0,949.999,746.999,1546.001,717.999,2852.0,2316.0,1570.993,1055.999,1730.998,669.0,3949.466,1008.0,2147.0,3129.0,43.0,1686.0,740.999,280.448,438.0,603.0,732.001,1253.202,534.001,1057.0,748.999,594.0,1942.0,7334.001,1990.001,1210.48,2798.999,645.001,1530.999,897.0,631.0,867.477,1071.001,1129.0,971.0,2874.728,202.999,39.0,330.375,860.0,1557.0,1178.0,1751.932,799.0,398.0,318.999,375.0,1896.0,1391.001,349.0,3807.001,208.001,12059.001,15667.001,2453.999,3577.0,591.999,621.565,6580.941,3849.0,803.001,1981.083,4276.0,1191.0,2102.493,652.0,1116.0,1818.999,1396.316,1080.797,498.0,3516.49,8253.0,1940.0,1977.001,758.0,786.0,294.999,4888.0,2874.001,1109.685,61.0,3951.0,332.0,148.0,1
1068.0,336.001,9296.002,3186.32,1093.316,3990.999,2966.999,9167.271,3012.0,8732.999,634.617,605.0,3028.0,46.0,188.0,1510.0,1693.0,929.0,1062.0,5901.0,5922.999,15150.0,1710.999,999.0,1669.0,1650.999,5255.0,2102.0,1934.0,4473.0,1038.0,1870.001,893.999,2943.999,691.001,624.0,2229.0,8637.0,1485.0,1371.0,3449.0,1969.0,966.001,1420.999,1550.0,6251.998,18130.0,1332.0,5544.998,1065.999,495.999,2346.001,1089.0,3882.999,2823.998,2437.15,937.998,2038.37,786.001,5840.0,1391.0,2785.0,3822.0,37.0,1534.999,1131.0,410.081,721.999,709.999,819.0,2106.231,690.0,1188.0,721.0,492.999,2691.999,8394.0,2809.0,1430.0,4927.0,1125.0,2084.0,788.999,1065.0,1251.177,1417.0,1812.0,1895.0,3518.747,381.151,23.0,230.043,1160.0,2641.0,1995.999,1268.0,1215.0,387.0,284.0,350.0,2051.0,2275.999,466.0,5938.0,390.001,17490.0,17277.0,4074.0,3704.001,368.0,872.462,5588.3,5103.0,1153.999,3869.125,6092.0,1752.0,2992.0,1073.001,1621.0,671.998,1912.999,1079.068,483.999,4392.512,10430.0,3261.999,2941.0,705.0,1150.0,310.0,8373.001,3839.999,1606.939,91.0,4164.001,358.0,122.001,0
1298.0,247.0,14602.001,2558.0,786.385,10973.001,1751.001,10398.943,1953.001,6043.0,450.586,781.0,2668.0,15.0,71.0,1717.0,1686.001,786.624,1514.999,5648.0,5701.999,14012.001,2221.999,1524.001,2013.0,2190.0,4193.999,2751.0,1246.0,4062.001,1050.998,3395.0,1465.0,4145.054,1101.999,661.0,2315.998,6980.001,1209.0,1897.001,3296.0,1946.001,1863.0,2308.0,1427.0,4034.001,7526.0,1254.0,5640.998,791.999,772.0,1733.0,932.0,5044.0,5095.0,1818.612,907.0,1510.999,807.0,10368.001,1697.0,3775.0,1950.998,7.0,882.001,1688.001,554.548,870.999,774.0,1124.0,1253.834,517.0,1584.0,787.999,568.0,2489.001,11072.999,3225.0,1847.001,3440.999,1071.0,2328.999,951.001,613.0,1140.006,1875.001,1876.001,1710.999,4257.738,439.37,86.0,608.41,1340.0,3431.0,1453.0,3312.79,1147.0,748.0,490.0,533.0,3193.0,2509.0,467.999,8289.999,251.999,15499.999,19043.0,4417.0,8289.0,598.0,1047.907,10250.907,5946.0,1811.999,3414.001,4990.0,1346.0,2316.191,1126.998,1399.0,1332.002,1992.0,1489.279,401.001,5292.937,12979.001,3108.001,3257.0,1498.0,1337.999,544.0,8622.999,3046.999,1448.811,106.0,5580.001,352.001,279.999,0
1762.0,105.0,11804.001,3020.0,902.007,6133.001,1974.0,10470.114,3653.0,6962.0,544.853,706.0,1974.0,4.0,217.0,2107.0,546.0,887.0,1934.0,6195.0,4952.0,14306.0,1398.999,1683.0,2265.0,2898.0,5211.0,2765.0,1759.0,3886.0,921.001,3464.999,936.999,3522.999,857.999,481.0,2284.999,7982.0,1695.0,2758.0,3873.0,2694.001,1760.001,2396.0,1987.0,6146.999,8403.999,1208.0,7383.999,944.0,669.001,2270.0,1107.0,4721.0,3924.0,1575.165,1525.0,2081.999,1188.0,10534.13,1838.0,1773.0,1684.001,11.0,1761.0,2089.0,470.43,566.0,1019.001,1084.999,1185.569,756.0,791.0,908.999,911.999,2287.0,11402.001,4156.001,1686.0,3885.0,1579.0,2434.0,1155.0,1005.001,1350.161,2130.001,2003.001,1785.987,4044.1,353.0,25.0,565.379,1607.0,3310.0,2175.001,2170.999,1112.999,799.0,451.0,608.0,3173.0,2337.0,475.0,3073.001,203.0,19823.999,14951.0,4589.001,6695.0,654.0,949.698,11808.921,7488.001,1094.001,3317.801,6867.999,1759.0,2037.999,927.0,1664.999,2252.001,2554.001,1424.336,331.0,3951.679,13619.151,2544.0,3327.0,354.0,1288.0,551.001,13095.0,4380.0,2518.368,113.0,4512.001,354.0,235.0,0
1034.0,192.999,13266.0,2095.0,642.194,4918.0,1511.999,8070.362,2301.999,5895.001,428.438,479.0,1924.0,29.0,91.0,1957.0,1836.001,858.138,1332.999,5716.999,5457.001,12484.0,2002.0,1164.999,1652.0,1986.999,3480.0,2423.001,1008.999,3311.999,716.999,2561.002,1449.001,3538.449,647.002,506.0,2028.999,5322.0,1603.0,1991.999,2730.0,2180.0,1334.0,1609.001,1093.999,3968.001,8296.0,1135.0,3987.001,811.001,512.0,1652.0,904.001,4162.999,3055.0,1531.879,847.001,1551.0,592.0,6922.0,1556.0,2661.0,6768.001,9.0,1071.0,1485.999,296.441,753.0,567.001,1015.001,1196.831,586.0,1558.0,622.0,452.999,2341.999,7104.0,2774.001,1625.0,3034.0,779.0,1820.999,934.0,625.0,1027.634,1718.0,1663.0,1617.001,3258.472,346.0,20.999,384.009,905.0,2889.999,1494.0,3307.001,960.999,600.0,419.001,408.001,2458.999,1861.0,419.0,5997.0,138.0,16052.001,15989.0,3890.998,4954.0,406.0,944.232,10592.989,4771.0,1494.0,2345.741,5197.0,1154.0,2305.0,909.0,1973.001,1169.001,1669.0,1349.024,361.002,3985.094,11337.0,2270.001,3125.999,1251.0,1089.999,431.999,6564.999,2493.0,2193.13,82.0,4485.0,314.999,140.0,0
1334.001,474.0,1423.0,3134.001,929.909,3470.0,2028.0,10403.092,1405.0,6249.0,482.368,321.0,4613.0,177.0,256.0,1337.0,800.0,560.999,900.001,6411.0,3676.001,22734.0,1642.0,1179.0,2304.0,1681.0,3413.0,2473.0,789.0,2987.0,1883.001,2364.998,1467.0,3118.999,1141.0,1261.0,1610.001,3821.999,1467.999,1659.0,2987.0,1599.0,1042.001,1550.001,1382.0,4079.001,2454.001,1381.0,8923.999,1775.0,1668.0,1244.0,642.0,4894.0,1410.0,3250.727,427.0,3050.0,408.0,8913.001,1072.0,6401.0,6006.002,9.0,861.0,1072.001,552.072,599.0,1190.999,1997.0,740.375,806.0,2673.0,414.999,618.0,3231.0,10886.0,3425.0,3911.0,2607.0,590.999,2632.001,1174.0,812.001,947.496,1610.0,1871.0,1036.001,4749.632,349.533,303.0,333.647,2889.999,4794.0,1165.0,5502.999,1286.0,852.0,660.0,357.0,3467.0,2540.0,1253.001,4449.0,417.0,20403.0,32355.001,5579.0,4689.001,292.0,497.532,6288.862,7948.999,896.001,2782.998,16187.0,967.0,1797.999,1181.001,1772.0,680.0,1954.001,1591.235,579.0,1419.929,12109.999,4415.0,2381.001,5406.0,1350.0,276.0,8100.998,1691.001,1398.335,186.0,2432.0,264.001,487.0,1
737.001,264.001,8150.999,1681.0,581.418,8486.997,1401.999,8626.677,1438.0,4956.999,309.203,449.0,1682.999,5.0,12.0,2013.0,701.0,850.974,1476.999,6867.0,4253.0,13123.999,1443.0,872.0,1566.998,1453.001,3693.0,1996.0,594.0,2955.0,593.0,1851.0,962.0,3044.774,879.999,565.0,1819.001,4327.001,1302.999,1266.001,2182.001,2078.999,1381.0,1990.0,952.999,2657.0,7323.0,1320.0,4145.999,927.0,333.999,1324.0,1053.0,3919.0,2741.999,1735.216,541.001,1020.232,388.0,5232.834,1813.001,2556.0,1882.002,12.0,774.0,1904.0,320.901,658.999,371.0,993.0,907.436,530.0,1390.0,431.999,359.0,1928.001,6566.0,2613.0,1514.999,2327.0,780.0,2025.999,558.001,765.0,838.557,1741.0,1413.999,1515.001,2606.611,332.847,60.999,333.464,1039.0,2913.998,1638.0,2256.001,837.999,554.0,440.999,450.999,1917.999,2229.0,391.0,7110.0,144.0,12102.0,14833.999,4031.0,4440.0,280.999,944.508,5527.63,4953.0,959.999,2881.04,4133.97,1062.0,1540.999,1082.0,1236.376,538.0,1402.999,1096.879,249.0,3901.121,11584.001,2615.999,2792.999,1020.0,1290.0,411.0,7128.001,1972.998,1239.213,36.0,4146.0,217.0,155.0,0
856.0,1749.0,2009.0,1605.0,980.56,5417.0,1703.999,9001.604,5939.999,6465.001,268.241,789.0,2769.999,31.0,77.0,2664.0,549.0,551.296,1106.0,6996.0,4511.0,13086.0,1393.002,1143.001,1325.999,1753.0,4611.0,2097.0,719.0,1959.999,640.0,1836.999,1234.0,3555.698,703.999,527.0,1938.002,5936.001,1430.0,1387.0,3379.0,2557.999,1150.0,1502.0,1243.0,3166.001,4043.999,1286.0,7271.0,799.0,373.001,1035.0,920.0,4275.0,2991.999,987.612,812.001,1238.999,470.999,6248.247,1794.001,2036.0,1080.999,21.0,1616.0,1635.0,309.573,679.001,394.001,1653.999,887.131,1038.999,2034.001,714.999,505.0,3351.0,12322.001,2938.0,1792.0,2577.0,834.001,2235.998,692.999,664.001,736.011,1623.0,1580.001,1706.001,2545.888,349.196,90.0,411.592,1232.001,3612.0,1414.0,3568.0,884.0,549.0,404.0,504.999,2476.999,2953.001,478.001,2989.0,180.0,20806.998,14556.0,4931.0,6243.0,293.0,827.868,5668.896,5689.001,1162.0,2966.001,4530.002,1183.0,1511.0,1252.999,1019.0,652.001,1796.999,1089.0,266.001,4281.835,13197.0,2944.0,2808.001,385.0,1480.0,417.999,4877.001,2607.0,1789.566,68.0,2847.999,226.0,189.0,0
969.0,198.0,1998.0,2072.001,738.114,2120.0,1966.0,5652.533,461.0,5626.001,318.106,515.0,2694.999,100.0,44.0,1612.0,448.0,679.0,1097.999,4508.0,2978.999,11251.002,1767.0,1305.0,1148.999,2644.001,3912.999,1495.0,821.0,1978.001,725.999,1236.999,657.0,1647.609,514.999,1014.0,1096.998,4160.999,1471.0,909.0,3073.0,1801.0,1131.999,1227.0,1034.0,8534.997,2142.0,1009.0,5985.999,1184.0,800.0,1165.999,571.0,3499.998,1587.999,2350.137,433.0,2617.0,471.0,4426.0,1006.001,3425.0,6263.0,14.0,2097.0,1159.0,554.321,345.0,583.0,778.0,727.518,785.001,1479.001,427.001,354.001,1620.001,6795.0,2132.001,1557.0,2879.001,515.999,1797.001,819.002,424.001,939.407,2408.0,1018.999,656.0,5459.827,237.004,387.0,212.0,1072.0,5518.001,1045.0,1842.0,1688.001,550.0,368.001,375.0,4446.999,1509.001,743.001,12336.001,200.0,13630.999,28275.0,2824.0,4460.001,186.001,726.723,4724.861,7130.0,1202.001,1571.726,3531.999,688.0,1848.001,905.0,1240.001,640.0,1553.001,1062.016,328.999,1279.001,17214.0,2373.0,2085.0,1705.001,867.0,300.0,3613.999,4681.001,1187.126,256.0,1948.0,522.001,723.001,1
823.999,322.999,5563.0,1734.0,874.492,5169.0,1261.0,12733.275,5891.0,10926.001,225.26,915.0,1341.001,9.0,103.0,1433.0,234.001,816.877,816.0,5098.0,4484.001,10267.998,486.001,882.0,1143.999,1901.999,4534.0,2478.0,622.0,1529.0,500.001,1909.0,665.001,4159.124,732.999,337.0,1801.999,17743.0,1274.999,1105.0,2637.0,1921.001,1020.001,1686.001,1162.001,3330.998,1065.0,689.0,4748.999,551.0,182.0,737.0,1297.0,3462.001,2712.0,956.933,540.0,1937.219,459.0,3741.564,1684.0,1458.0,364.0,8.0,781.0,1201.0,396.727,516.999,280.0,1422.0,619.049,1110.999,804.0,713.999,422.999,3056.002,5492.0,2829.0,1479.0,4550.0,771.0,1795.001,555.001,805.0,1022.473,2013.0,1498.999,2171.0,2538.977,326.989,50.001,284.838,1276.999,3866.0,1502.0,3820.911,654.001,353.0,310.0,460.0,1746.001,2062.0,612.0,1490.0,185.0,16165.001,8373.0,4146.0,4009.0,234.0,713.248,3085.985,4715.001,660.982,2335.547,3758.998,917.0,1218.0,892.0,1131.0,715.0,1359.999,1491.44,204.999,3952.869,10623.0,1396.0,3032.0,163.0,870.0,530.0,3076.0,2193.0,1031.125,50.0,2294.0,224.0,130.0,0
2941.0,1365.002,4483.001,2896.0,685.858,1896.0,1218.0,1348.062,3153.197,3295.0,465.399,844.999,3027.999,175.0,23.0,412.0,879.0,385.111,649.0,853.999,1809.0,8424.998,5539.001,3534.001,785.001,2156.001,4160.0,474.0,3707.0,2676.001,1280.998,3916.001,801.0,11388.851,332.0,628.0,563.999,2903.001,94.0,298.0,3203.001,916.0,331.001,148.0,2464.0,3999.002,3132.0,202.0,2608.0,657.999,5648.001,2760.001,750.0,782.999,7164.0,781.106,1389.999,2510.613,1050.0,754.27,673.0,1212.0,3317.0,9.0,684.999,2374.999,589.1,258.002,2064.101,748.0,758.0,381.0,2333.0,1291.0,714.001,1032.999,9317.998,905.999,188.0,1173.998,611.999,327.999,440.999,282.001,518.361,119.0,622.002,214.001,10320.588,269.757,292.0,3401.001,2025.001,698.001,290.001,9674.0,691.0,812.0,344.0,279.001,2158.002,805.0,203.001,1199.999,412.0,2517.999,3039.111,1253.0,1372.0,1245.0,165.367,5339.561,4320.999,1554.0,463.842,11347.998,617.0,1185.303,592.0,276.0,5695.0,3774.002,1286.182,1376.002,1384.851,6533.0,1479.0,1215.0,1515.001,881.0,1031.999,9823.002,4981.0,2462.941,323.0,7370.293,1029.001,585.0,1
3306.999,654.0,16234.0,5934.0,741.73,1561.0,2518.999,1784.117,4116.0,4723.001,862.753,997.999,2695.001,130.0,21.0,519.0,323.0,882.154,838.0,2612.0,2776.001,20102.999,2819.999,3229.001,1715.999,2049.001,4224.0,1011.0,3094.0,4239.001,2078.0,5254.0,949.998,10062.363,548.0,714.974,927.0,4786.001,247.0,707.0,3439.001,1073.999,276.999,350.0,1850.0,4900.0,2098.001,160.0,4063.999,996.001,2520.001,3115.0,642.0,1683.0,4363.0,1575.997,1014.0,2596.856,944.999,1317.121,842.001,1192.0,1796.0,2.0,902.0,1456.0,292.993,332.0,2012.659,962.001,1481.0,455.0,1972.0,1246.001,1166.0,799.0,11805.002,1475.001,295.0,1815.001,881.0,736.001,664.999,708.999,1521.605,237.0,1008.0,571.001,10594.37,337.001,63.0,1837.983,2306.0,1172.0,499.0,9919.0,782.002,425.0,325.0,285.0,2005.0,1403.001,434.0,2018.0,460.0,2158.476,7281.009,2259.0,2124.999,1724.999,274.39,7782.233,6713.999,3197.0,827.999,14856.999,1111.0,2464.109,1066.0,859.999,5360.001,5517.001,1279.132,1499.999,2114.893,5318.0,2369.0,2080.0,695.322,1747.999,853.0,20323.0,3835.001,1259.911,235.0,8714.216,1363.0,315.001,1
1293.0,230.001,4171.998,2200.001,181.686,310.001,1152.0,218.763,1165.0,862.999,286.596,216.0,1039.001,214.0,2.0,113.0,212.0,125.0,199.001,219.0,343.001,3163.997,2262.0,1475.0,235.0,1044.0,1783.0,63.0,1749.0,1663.0,866.0,1142.0,247.001,2117.001,79.001,349.0,128.999,1297.999,11.0,71.0,1251.29,136.0,55.0,28.0,1049.0,3112.003,601.001,23.0,1020.998,434.0,2065.0,1272.001,113.0,378.0,1391.001,286.426,620.999,2113.278,408.0,124.765,159.0,201.0,771.0,14.0,280.0,412.0,216.899,48.0,1352.269,219.0,628.0,240.0,436.0,579.999,221.999,164.0,4438.001,235.0,29.0,575.001,255.0,72.001,131.0,85.001,73.145,12.0,141.999,99.0,7481.05,23.969,60.001,532.021,374.0,116.001,50.0,1799.999,241.999,79.0,72.999,52.0,851.999,243.0,69.0,1247.0,274.001,213.0,1524.001,353.0,266.0,1390.0,94.999,2255.732,1487.0,857.999,81.0,4318.999,281.0,909.769,290.0,48.999,4754.0,2076.998,134.999,716.999,553.0,1294.0,682.001,320.0,305.0,287.001,137.0,2635.0,4976.0,639.195,538.0,3063.081,2355.0,295.001,1
