{
    "AAAS": 4,
    "ADA": 4,
    "ADCY6": 4,
    "ADRM1": 4,
    "AK1": 4,
    "AK3": 4,
    "APRT": 4,
    "ARL6IP1": 4,
    "BCAM": 4,
    "BCAP31": 4,
    "BOLA2": 4,
    "BRF2": 4,
    "CANT1": 4,
    "CCNO": 4,
    "CDA": 4,
    "CETN2": 4,
    "CMPK2": 4,
    "COX17": 4,
    "CSTF3": 4,
    "DAD1": 4,
    "DCTN4": 4,
    "DDB1": 4,
    "DDB2": 4,
    "DGCR8": 4,
    "DGUOK": 4,
    "DUT": 4,
    "EDF1": 4,
    "EIF1B": 4,
    "ELL": 4,
    "ERCC1": 4,
    "ERCC2": 4,
    "ERCC3": 4,
    "ERCC4": 4,
    "ERCC5": 4,
    "ERCC8": 4,
    "FEN1": 4,
    "GMPR2": 4,
    "GPX4": 4,
    "GTF2A2": 4,
    "GTF2B": 4,
    "GTF2F1": 4,
    "GTF2H1": 4,
    "GTF2H3": 4,
    "GTF2H5": 4,
    "GTF3C5": 4,
    "GUK1": 4,
    "HCLS1": 4,
    "HPRT1": 4,
    "IMPDH2": 4,
    "ITPA": 4,
    "LIG1": 4,
    "MPG": 4,
    "MRPL40": 4,
    "NCBP2": 4,
    "NFX1": 4,
    "NME1": 4,
    "NME3": 4,
    "NME4": 4,
    "NT5C": 4,
    "NUDT21": 4,
    "NUDT9": 4,
    "PCNA": 4,
    "PDE4B": 4,
    "PDE6G": 4,
    "PNP": 4,
    "POLA1": 4,
    "POLA2": 4,
    "POLB": 4,
    "POLD1": 4,
    "POLD3": 4,
    "POLD4": 4,
    "POLE4": 4,
    "POLH": 4,
    "POLL": 4,
    "POLR1C": 4,
    "POLR1D": 4,
    "POLR2A": 4,
    "POLR2C": 4,
    "POLR2D": 4,
    "POLR2E": 4,
    "POLR2F": 4,
    "POLR2G": 4,
    "POLR2H": 4,
    "POLR2I": 4,
    "POLR2J": 4,
    "POLR2K": 4,
    "POLR3C": 4,
    "POLR3GL": 4,
    "POM121": 4,
    "PRIM1": 4,
    "RAD51": 4,
    "RAD52": 4,
    "RAE1": 4,
    "RALA": 4,
    "RBX1": 4,
    "REV3L": 4,
    "RFC2": 4,
    "RFC3": 4,
    "RFC4": 4,
    "RFC5": 4,
    "RNMT": 4,
    "RPA2": 4,
    "RPA3": 4,
    "RRM2B": 4,
    "SAC3D1": 4,
    "SDCBP": 4,
    "SEC61A1": 4,
    "SF3A3": 4,
    "SMAD5": 4,
    "SNAPC4": 4,
    "SNAPC5": 4,
    "SRSF6": 4,
    "SSRP1": 4,
    "STX3": 4,
    "SUPT4H1": 4,
    "SUPT5H": 4,
    "SURF1": 4,
    "TAF10": 4,
    "TAF12": 4,
    "TAF13": 4,
    "TAF1C": 4,
    "TAF6": 4,
    "TAF9": 4,
    "TARBP2": 4,
    "TK2": 4,
    "TMED2": 4,
    "TP53": 4,
    "TSG101": 4,
    "TYMS": 4,
    "UMPS": 4,
    "UPF3B": 4,
    "USP11": 4,
    "VPS28": 4,
    "VPS37B": 4,
    "VPS37D": 4,
    "XPC": 4,
    "ZNF707": 4,
    "ZWINT": 4,
    "label": 2
}